[{"pos_x": 24.1512, "pos_y": 12.6624, "rotation": 0.0, "side": "top", "designator": "U1", "mpn": null, "pack": "VUV4-50q", "value": "SiPM", "mount_type": "tht", "place": true}, {"pos_x": 33.3502, "pos_y": 39.3954, "rotation": 0.0, "side": "top", "designator": "J1", "mpn": null, "pack": "MCX_Vertical", "value": "Conn_Coaxial", "mount_type": "tht", "place": true}, {"pos_x": 5.9182, "pos_y": 39.3954, "rotation": 0.0, "side": "top", "designator": "J3", "mpn": null, "pack": "MCX_Vertical", "value": "Conn_Coaxial", "mount_type": "tht", "place": true}, {"pos_x": 20.3962, "pos_y": 29.4744, "rotation": 180.0, "side": "top", "designator": "JP1", "mpn": null, "pack": "PinHeader_1x02_P2.54mm_Vertical", "value": "Jumper_2_Open", "mount_type": "tht", "place": true}, {"pos_x": 42.4942, "pos_y": 39.3954, "rotation": 0.0, "side": "top", "designator": "J2", "mpn": null, "pack": "MCX_Vertical", "value": "Conn_Coaxial", "mount_type": "tht", "place": true}, {"pos_x": 24.2062, "pos_y": 39.3954, "rotation": 0.0, "side": "top", "designator": "J5", "mpn": null, "pack": "MCX_Vertical", "value": "Conn_Coaxial", "mount_type": "tht", "place": true}, {"pos_x": 15.0622, "pos_y": 39.3954, "rotation": 0.0, "side": "top", "designator": "J4", "mpn": null, "pack": "MCX_Vertical", "value": "Conn_Coaxial", "mount_type": "tht", "place": true}]