﻿pos_x,pos_y,rotation,side,designator,mpn,pack,value,mount_type,place
32.766,44.6532,0.0,top,J1,,MCX_Vertical,Conn_Coaxial,tht,True
41.91,44.6532,0.0,top,J2,,MCX_Vertical,Conn_Coaxial,tht,True
5.334,44.6532,0.0,top,J3,,MCX_Vertical,Conn_Coaxial,tht,True
14.478,44.6532,0.0,top,J4,,MCX_Vertical,Conn_Coaxial,tht,True
23.6474,44.6532,0.0,top,J5,,MCX_Vertical,Conn_Coaxial,tht,True
28.2194,28.9052,180.0,top,JP1,,PinHeader_1x04_P2.54mm_Vertical,Conn_01x04_Male,tht,True
37.3634,28.9052,180.0,top,JP2,,PinHeader_1x04_P2.54mm_Vertical,Conn_01x04_Male,tht,True
9.906,28.9052,180.0,top,JP3,,PinHeader_1x04_P2.54mm_Vertical,Conn_01x04_Male,tht,True
19.05,28.9052,180.0,top,JP4,,PinHeader_1x04_P2.54mm_Vertical,Conn_01x04_Male,tht,True
23.567,13.5768,0.0,top,U1,,VUV4-50q,SiPM,tht,True
