﻿pos_x,pos_y,rotation,side,designator,mpn,pack,value,mount_type,place
31.9532,44.6532,0.0,top,J1,,MCX_Vertical,Conn_Coaxial,tht,True
40.2844,44.6532,0.0,top,J2,,MCX_Vertical,Conn_Coaxial,tht,True
6.9596,44.6532,0.0,top,J3,,MCX_Vertical,Conn_Coaxial,tht,True
15.2908,44.6532,0.0,top,J4,,MCX_Vertical,Conn_Coaxial,tht,True
23.6474,44.6532,0.0,top,J5,,MCX_Vertical,Conn_Coaxial,tht,True
28.2194,28.9052,180.0,top,JP1,,PinHeader_1x04_P2.54mm_Vertical,Conn_01x04_Male,tht,True
36.1442,28.9052,180.0,top,JP2,,PinHeader_1x04_P2.54mm_Vertical,Conn_01x04_Male,tht,True
11.1252,28.9052,180.0,top,JP3,,PinHeader_1x04_P2.54mm_Vertical,Conn_01x04_Male,tht,True
19.05,28.9052,180.0,top,JP4,,PinHeader_1x04_P2.54mm_Vertical,Conn_01x04_Male,tht,True
23.567,13.5768,0.0,top,U1,,VUV4-50q,SiPM,tht,True
