﻿pos_x,pos_y,rotation,side,designator,mpn,pack,value,mount_type,place
15.5352,8.9408,-90.0,top,,,,,tht,True
15.5352,9.8044,-90.0,top,,,,,tht,True
13.4524,4.6736,0.0,top,,,,,tht,True
12.5888,4.6736,0.0,top,,,,,tht,True
13.0206,5.7404,180.0,top,,,,,tht,True
13.427,2.8194,0.0,top,,,,,tht,True
12.5634,2.8194,0.0,top,,,,,tht,True
12.538,14.1478,180.0,top,,,,,tht,True
13.4016,14.1478,180.0,top,,,,,tht,True
12.9698,13.081,0.0,top,,,,,tht,True
13.427,16.002,180.0,top,,,,,tht,True
12.5634,16.002,180.0,top,,,,,tht,True
2.2764,9.2456,0.0,top,,,,,tht,True
24.5014,9.2964,0.0,top,,,,,tht,True
