﻿pos_x,pos_y,rotation,side,designator,mpn,pack,value,mount_type,place
16.7132,-61.8744,180.0,top,,,,,tht,True
29.083,-68.5292,0.0,top,,,,,tht,True
15.8242,-63.7286,180.0,top,,,,,tht,True
16.3068,-72.136,180.0,top,,,,,tht,True
16.6878,-63.7286,180.0,top,,,,,tht,True
16.256,-64.7954,0.0,top,,,,,tht,True
15.8496,-75.057,0.0,top,,,,,tht,True
16.7386,-73.2028,0.0,top,,,,,tht,True
15.875,-73.2028,0.0,top,,,,,tht,True
18.8214,-68.072,-90.0,top,,,,,tht,True
15.8496,-61.8744,180.0,top,,,,,tht,True
4.0132,-68.4784,0.0,top,,,,,tht,True
16.7132,-75.057,0.0,top,,,,,tht,True
18.8214,-68.9356,-90.0,top,,,,,tht,True
